company_id,company_name,city,trade_name,service_slug,service_name,confidence,evidence_text,source_field,reason,suggested_action,quality_status,quality_note,reviewer_decision,reviewer_note
"53190cdc-7f70-416a-8175-725b7b09f17c","Inntaler Naturbau GmbH","Bad Endorf","Bauunternehmen","hochbau","Hochbau","high","Hochbau / Naturbau","company_trades.evidence","Service-Name direkt in company_trades.evidence gefunden und fachlich dem Gewerk bauunternehmen zuordenbar.","review_and_confirm_company_service","READY_TO_APPROVE","Direkter Leistungsbegriff in Evidence, passendes Gewerk und Ort vorhanden, kein Ambiguity-Hinweis.","",""
"c43e6604-2c1f-400e-8b01-94715aa3beec","Hoch- und Tiefbau Hans Obermair GmbH","Oberaudorf","Bauunternehmen","hochbau","Hochbau","high","Hochbau / Tiefbau","company_trades.evidence","Service-Name direkt in company_trades.evidence gefunden und fachlich dem Gewerk bauunternehmen zuordenbar.","review_and_confirm_company_service","READY_TO_APPROVE","Direkter Leistungsbegriff in Evidence, passendes Gewerk und Ort vorhanden, kein Ambiguity-Hinweis.","",""
"87971dd0-5714-4e49-9eb1-b8a2c1686700","Baugeschäft Maurer GmbH","Stephanskirchen-Ziegelberg","Bauunternehmen","hochbau","Hochbau","high","Baugeschäft / Hochbau","company_trades.evidence","Service-Name direkt in company_trades.evidence gefunden und fachlich dem Gewerk bauunternehmen zuordenbar.","review_and_confirm_company_service","READY_TO_APPROVE","Direkter Leistungsbegriff in Evidence, passendes Gewerk und Ort vorhanden, kein Ambiguity-Hinweis.","",""
"2aa4a881-f69e-441b-9343-684333a91c7d","Baugeschäft Andreas Dörfl GmbH & Co. KG","Aschau im Chiemgau","Bauunternehmen","hochbau","Hochbau","high","Hochbau","company_trades.evidence","Service-Name direkt in company_trades.evidence gefunden und fachlich dem Gewerk bauunternehmen zuordenbar.","review_and_confirm_company_service","REVIEW_MANUALLY","Evidence ist sehr kurz; vor Freigabe manuell prüfen.","",""
"a18e360a-1359-494d-9c12-4218655b1c81","Sebastian Koch Baugeschäft GmbH","Aschau im Chiemgau","Bauunternehmen","hochbau","Hochbau","high","Hochbau","company_trades.evidence","Service-Name direkt in company_trades.evidence gefunden und fachlich dem Gewerk bauunternehmen zuordenbar.","review_and_confirm_company_service","REVIEW_MANUALLY","Evidence ist sehr kurz; vor Freigabe manuell prüfen.","",""
"92bc78b8-ec98-4fb8-94e5-5d46bae65c15","Grosch Bauunternehmen GmbH & Co. KG","Bad Aibling","Bauunternehmen","hochbau","Hochbau","high","Hochbau","company_trades.evidence","Service-Name direkt in company_trades.evidence gefunden und fachlich dem Gewerk bauunternehmen zuordenbar.","review_and_confirm_company_service","REVIEW_MANUALLY","Evidence ist sehr kurz; vor Freigabe manuell prüfen.","",""
"0278628f-2cd3-49dd-b6c5-27479658ae1d","Hausbau Jegg GmbH","Bad Aibling","Bauunternehmen","hochbau","Hochbau","high","Hochbau","company_trades.evidence","Service-Name direkt in company_trades.evidence gefunden und fachlich dem Gewerk bauunternehmen zuordenbar.","review_and_confirm_company_service","REVIEW_MANUALLY","Evidence ist sehr kurz; vor Freigabe manuell prüfen.","",""
"4223fca9-2cbc-490a-905d-ce39c00ecf26","Pumpfer Bauunternehmung GmbH","Bad Aibling","Bauunternehmen","hochbau","Hochbau","high","Hochbau","company_trades.evidence","Service-Name direkt in company_trades.evidence gefunden und fachlich dem Gewerk bauunternehmen zuordenbar.","review_and_confirm_company_service","REVIEW_MANUALLY","Evidence ist sehr kurz; vor Freigabe manuell prüfen.","",""
"7514d76a-8804-4733-89a1-8792ebfc6326","Schwaiger Bau GmbH","Bad Aibling","Bauunternehmen","hochbau","Hochbau","high","Hochbau","company_trades.evidence","Service-Name direkt in company_trades.evidence gefunden und fachlich dem Gewerk bauunternehmen zuordenbar.","review_and_confirm_company_service","REVIEW_MANUALLY","Evidence ist sehr kurz; vor Freigabe manuell prüfen.","",""
"72c736ba-3928-4c0f-9830-01e411d64c67","Holzmaier Bau GmbH & Co. KG","Bad Endorf","Bauunternehmen","hochbau","Hochbau","high","Hochbau","company_trades.evidence","Service-Name direkt in company_trades.evidence gefunden und fachlich dem Gewerk bauunternehmen zuordenbar.","review_and_confirm_company_service","REVIEW_MANUALLY","Evidence ist sehr kurz; vor Freigabe manuell prüfen.","",""
"4e4596b0-a8c7-4252-a643-ce1420894cdc","Eisner GmbH","Beyharting","Bauunternehmen","hochbau","Hochbau","high","Hochbau","company_trades.evidence","Service-Name direkt in company_trades.evidence gefunden und fachlich dem Gewerk bauunternehmen zuordenbar.","review_and_confirm_company_service","REVIEW_MANUALLY","Evidence ist sehr kurz; vor Freigabe manuell prüfen.","",""
"16efac8e-cfaf-4030-8d82-86f6ef04ffe1","Helwig Bau GmbH","Bruckmühl","Bauunternehmen","hochbau","Hochbau","high","Hochbau","company_trades.evidence","Service-Name direkt in company_trades.evidence gefunden und fachlich dem Gewerk bauunternehmen zuordenbar.","review_and_confirm_company_service","REVIEW_MANUALLY","Evidence ist sehr kurz; vor Freigabe manuell prüfen.","",""
"df4fc1a6-918f-4958-95c9-c605ea91550c","Millauer GmbH","Bruckmühl","Bauunternehmen","hochbau","Hochbau","high","Hochbau","company_trades.evidence","Service-Name direkt in company_trades.evidence gefunden und fachlich dem Gewerk bauunternehmen zuordenbar.","review_and_confirm_company_service","REVIEW_MANUALLY","Evidence ist sehr kurz; vor Freigabe manuell prüfen.","",""
"9c38061c-02ac-4042-83c4-8633f8bac52a","Feldschmidt & Maier Bauunternehmung GmbH","Bruckmühl-Högling","Bauunternehmen","hochbau","Hochbau","high","Hochbau","company_trades.evidence","Service-Name direkt in company_trades.evidence gefunden und fachlich dem Gewerk bauunternehmen zuordenbar.","review_and_confirm_company_service","REVIEW_MANUALLY","Evidence ist sehr kurz; vor Freigabe manuell prüfen.","",""
"1443789c-9e3c-47f3-b209-2a18ae02ede1","Meindl GmbH Bauunternehmen","Flintsbach","Bauunternehmen","hochbau","Hochbau","high","Hochbau","company_trades.evidence","Service-Name direkt in company_trades.evidence gefunden und fachlich dem Gewerk bauunternehmen zuordenbar.","review_and_confirm_company_service","REVIEW_MANUALLY","Evidence ist sehr kurz; vor Freigabe manuell prüfen.","",""
"74351a5e-ed94-48f3-ad1e-baee2391d73f","Matthias Staber Baugeschäft","Frasdorf","Bauunternehmen","hochbau","Hochbau","high","Hochbau","company_trades.evidence","Service-Name direkt in company_trades.evidence gefunden und fachlich dem Gewerk bauunternehmen zuordenbar.","review_and_confirm_company_service","REVIEW_MANUALLY","Evidence ist sehr kurz; vor Freigabe manuell prüfen.","",""
"a1355c01-a7fa-4a93-9835-cf801ccdb751","Riedel Bau GmbH","Frasdorf","Bauunternehmen","hochbau","Hochbau","high","Hochbau","company_trades.evidence","Service-Name direkt in company_trades.evidence gefunden und fachlich dem Gewerk bauunternehmen zuordenbar.","review_and_confirm_company_service","REVIEW_MANUALLY","Evidence ist sehr kurz; vor Freigabe manuell prüfen.","",""
"09aaf928-181f-44ec-b7d3-5be2a8c0bebc","Helmut Anderl Baugeschäft GmbH","Großkarolinenfeld","Bauunternehmen","hochbau","Hochbau","high","Hochbau","company_trades.evidence","Service-Name direkt in company_trades.evidence gefunden und fachlich dem Gewerk bauunternehmen zuordenbar.","review_and_confirm_company_service","REVIEW_MANUALLY","Evidence ist sehr kurz; vor Freigabe manuell prüfen.","",""
"c04616a4-7fdc-49d8-992e-30dcb851691e","Schilp Bauunternehmung GmbH","Großkarolinenfeld","Bauunternehmen","hochbau","Hochbau","high","Hochbau","company_trades.evidence","Service-Name direkt in company_trades.evidence gefunden und fachlich dem Gewerk bauunternehmen zuordenbar.","review_and_confirm_company_service","REVIEW_MANUALLY","Evidence ist sehr kurz; vor Freigabe manuell prüfen.","",""
"c78ca041-e981-4728-b28c-67bb6b9b67c9","TF Baugeschäft GmbH","Großkarolinenfeld","Bauunternehmen","hochbau","Hochbau","high","Hochbau","company_trades.evidence","Service-Name direkt in company_trades.evidence gefunden und fachlich dem Gewerk bauunternehmen zuordenbar.","review_and_confirm_company_service","REVIEW_MANUALLY","Evidence ist sehr kurz; vor Freigabe manuell prüfen.","",""
"eddf466e-313f-43e3-969d-090c66b96329","Iffländer GmbH Bauunternehmen","Höslwang","Bauunternehmen","hochbau","Hochbau","high","Hochbau","company_trades.evidence","Service-Name direkt in company_trades.evidence gefunden und fachlich dem Gewerk bauunternehmen zuordenbar.","review_and_confirm_company_service","REVIEW_MANUALLY","Evidence ist sehr kurz; vor Freigabe manuell prüfen.","",""
"25466d41-8df2-4347-b7b4-46b10bf70aa3","Alto Mair Bau GmbH","Kolbermoor","Bauunternehmen","hochbau","Hochbau","high","Hochbau","company_trades.evidence","Service-Name direkt in company_trades.evidence gefunden und fachlich dem Gewerk bauunternehmen zuordenbar.","review_and_confirm_company_service","REVIEW_MANUALLY","Evidence ist sehr kurz; vor Freigabe manuell prüfen.","",""
"22f69b2e-bddc-488f-b39d-998338211db0","K. Baumann Baugesellschaft mbH","Kolbermoor","Bauunternehmen","hochbau","Hochbau","high","Hochbau","company_trades.evidence","Service-Name direkt in company_trades.evidence gefunden und fachlich dem Gewerk bauunternehmen zuordenbar.","review_and_confirm_company_service","REVIEW_MANUALLY","Evidence ist sehr kurz; vor Freigabe manuell prüfen.","",""
"b7682992-8055-4231-9d6c-91e2b1b76d8b","Sebastian Daxeder Bauunternehmung GmbH","Kolbermoor","Bauunternehmen","hochbau","Hochbau","high","Hochbau","company_trades.evidence","Service-Name direkt in company_trades.evidence gefunden und fachlich dem Gewerk bauunternehmen zuordenbar.","review_and_confirm_company_service","REVIEW_MANUALLY","Evidence ist sehr kurz; vor Freigabe manuell prüfen.","",""
"24a31b8d-29e3-4686-a9ac-f39fb203785e","Trost Bau","Kolbermoor","Bauunternehmen","hochbau","Hochbau","high","Hochbau","company_trades.evidence","Service-Name direkt in company_trades.evidence gefunden und fachlich dem Gewerk bauunternehmen zuordenbar.","review_and_confirm_company_service","REVIEW_MANUALLY","Evidence ist sehr kurz; vor Freigabe manuell prüfen.","",""
"2e3356f4-ba9a-4e70-a131-a9548f20bce9","Maurer & Sohn GmbH","Pfaffing","Bauunternehmen","hochbau","Hochbau","high","Hochbau","company_trades.evidence","Service-Name direkt in company_trades.evidence gefunden und fachlich dem Gewerk bauunternehmen zuordenbar.","review_and_confirm_company_service","REVIEW_MANUALLY","Evidence ist sehr kurz; vor Freigabe manuell prüfen.","",""
"9b7e94bd-633b-41f7-b501-bc2eab84176c","Hans Neureiter Bauunternehmen GmbH","Pittenhart","Bauunternehmen","hochbau","Hochbau","high","Hochbau","company_trades.evidence","Service-Name direkt in company_trades.evidence gefunden und fachlich dem Gewerk bauunternehmen zuordenbar.","review_and_confirm_company_service","REVIEW_MANUALLY","Evidence ist sehr kurz; vor Freigabe manuell prüfen.","",""
"8d69730a-2f77-490d-abeb-9c167344fab7","Scheck GmbH & Co. KG","Prien am Chiemsee","Bauunternehmen","hochbau","Hochbau","high","Hochbau","company_trades.evidence","Service-Name direkt in company_trades.evidence gefunden und fachlich dem Gewerk bauunternehmen zuordenbar.","review_and_confirm_company_service","REVIEW_MANUALLY","Evidence ist sehr kurz; vor Freigabe manuell prüfen.","",""
"b4705877-414c-4606-b15a-d79479f8f4fd","Franz Mayrl Baugeschäft","Raubling","Bauunternehmen","hochbau","Hochbau","high","Hochbau","company_trades.evidence","Service-Name direkt in company_trades.evidence gefunden und fachlich dem Gewerk bauunternehmen zuordenbar.","review_and_confirm_company_service","REVIEW_MANUALLY","Evidence ist sehr kurz; vor Freigabe manuell prüfen.","",""
"2bdd0732-03f8-4842-b9ff-3331d8da1cd7","Franz Schoner GmbH","Riedering","Bauunternehmen","hochbau","Hochbau","high","Hochbau","company_trades.evidence","Service-Name direkt in company_trades.evidence gefunden und fachlich dem Gewerk bauunternehmen zuordenbar.","review_and_confirm_company_service","REVIEW_MANUALLY","Evidence ist sehr kurz; vor Freigabe manuell prüfen.","",""
"de7243d0-5300-463a-8e2f-d709cb60f452","Frommwieser Baugeschäft GmbH","Rimsting","Bauunternehmen","hochbau","Hochbau","high","Hochbau","company_trades.evidence","Service-Name direkt in company_trades.evidence gefunden und fachlich dem Gewerk bauunternehmen zuordenbar.","review_and_confirm_company_service","REVIEW_MANUALLY","Evidence ist sehr kurz; vor Freigabe manuell prüfen.","",""
"93f30ba9-7011-4337-96a6-bc790cd73a0a","Schweinsteiger Bau GmbH & Co. KG","Rohrdorf","Bauunternehmen","hochbau","Hochbau","high","Hochbau","company_trades.evidence","Service-Name direkt in company_trades.evidence gefunden und fachlich dem Gewerk bauunternehmen zuordenbar.","review_and_confirm_company_service","REVIEW_MANUALLY","Evidence ist sehr kurz; vor Freigabe manuell prüfen.","",""
"b29f0bbe-e3c8-43f3-8f3e-b87bd3e62830","Simon Gartner Bauunternehmen","Rohrdorf","Bauunternehmen","hochbau","Hochbau","high","Hochbau","company_trades.evidence","Service-Name direkt in company_trades.evidence gefunden und fachlich dem Gewerk bauunternehmen zuordenbar.","review_and_confirm_company_service","REVIEW_MANUALLY","Evidence ist sehr kurz; vor Freigabe manuell prüfen.","",""
"2aedee70-a676-492d-9637-8ef8bcfdaa7e","Bauunternehmen Georg Tremmel GmbH & Co. KG","Rosenheim","Bauunternehmen","hochbau","Hochbau","high","Hochbau","company_trades.evidence","Service-Name direkt in company_trades.evidence gefunden und fachlich dem Gewerk bauunternehmen zuordenbar.","review_and_confirm_company_service","REVIEW_MANUALLY","Evidence ist sehr kurz; vor Freigabe manuell prüfen.","",""
"63aec5af-39dd-4fc8-ba7d-6db9caa01ac6","Moser Bau GmbH","Rosenheim","Bauunternehmen","hochbau","Hochbau","high","Hochbau","company_trades.evidence","Service-Name direkt in company_trades.evidence gefunden und fachlich dem Gewerk bauunternehmen zuordenbar.","review_and_confirm_company_service","REVIEW_MANUALLY","Evidence ist sehr kurz; vor Freigabe manuell prüfen.","",""
"6a0fcb65-cbfc-453d-9d03-bae5539f3590","Peter Holzner GmbH & Co. KG","Rosenheim","Bauunternehmen","hochbau","Hochbau","high","Hochbau","company_trades.evidence","Service-Name direkt in company_trades.evidence gefunden und fachlich dem Gewerk bauunternehmen zuordenbar.","review_and_confirm_company_service","REVIEW_MANUALLY","Evidence ist sehr kurz; vor Freigabe manuell prüfen.","",""
"8832c054-44a2-4f7c-a1bb-f0d6577da296","Pfeiffer Baugesellschaft mbH","Rosenheim","Bauunternehmen","hochbau","Hochbau","high","Hochbau","company_trades.evidence","Service-Name direkt in company_trades.evidence gefunden und fachlich dem Gewerk bauunternehmen zuordenbar.","review_and_confirm_company_service","REVIEW_MANUALLY","Evidence ist sehr kurz; vor Freigabe manuell prüfen.","",""
"2bf03fa4-fe43-48d4-8ab6-d39682c3fd5f","Sennes GmbH","Rosenheim","Bauunternehmen","hochbau","Hochbau","high","Hochbau","company_trades.evidence","Service-Name direkt in company_trades.evidence gefunden und fachlich dem Gewerk bauunternehmen zuordenbar.","review_and_confirm_company_service","REVIEW_MANUALLY","Evidence ist sehr kurz; vor Freigabe manuell prüfen.","",""
"c068e021-3f9c-489c-baad-c1ee9fad5439","Stefan Daberger Bauunternehmung GmbH","Rott am Inn","Bauunternehmen","hochbau","Hochbau","high","Hochbau","company_trades.evidence","Service-Name direkt in company_trades.evidence gefunden und fachlich dem Gewerk bauunternehmen zuordenbar.","review_and_confirm_company_service","REVIEW_MANUALLY","Evidence ist sehr kurz; vor Freigabe manuell prüfen.","",""
"cbcbc961-53bc-4301-accc-ec79299198b6","Baugeschäft Spöck","Samerberg","Bauunternehmen","hochbau","Hochbau","high","Hochbau","company_trades.evidence","Service-Name direkt in company_trades.evidence gefunden und fachlich dem Gewerk bauunternehmen zuordenbar.","review_and_confirm_company_service","REVIEW_MANUALLY","Evidence ist sehr kurz; vor Freigabe manuell prüfen.","",""
"be052fbd-694c-4723-ba50-5c40762ac41e","Thalhauser Bau GmbH","Schechen","Bauunternehmen","hochbau","Hochbau","high","Hochbau","company_trades.evidence","Service-Name direkt in company_trades.evidence gefunden und fachlich dem Gewerk bauunternehmen zuordenbar.","review_and_confirm_company_service","REVIEW_MANUALLY","Evidence ist sehr kurz; vor Freigabe manuell prüfen.","",""
"8a5b30c0-a144-4a2d-9492-fd4785699dff","Gramer Bau GmbH","Söchtenau","Bauunternehmen","hochbau","Hochbau","high","Hochbau","company_trades.evidence","Service-Name direkt in company_trades.evidence gefunden und fachlich dem Gewerk bauunternehmen zuordenbar.","review_and_confirm_company_service","REVIEW_MANUALLY","Evidence ist sehr kurz; vor Freigabe manuell prüfen.","",""
"bfb4c0be-5664-4450-840a-fe4411c50133","Murner Bau GmbH","Söchtenau","Bauunternehmen","hochbau","Hochbau","high","Hochbau","company_trades.evidence","Service-Name direkt in company_trades.evidence gefunden und fachlich dem Gewerk bauunternehmen zuordenbar.","review_and_confirm_company_service","REVIEW_MANUALLY","Evidence ist sehr kurz; vor Freigabe manuell prüfen.","",""
"285e3380-7363-47b0-bb7f-dce91a6d4f36","Elisabeth Weber Baugeschäft","Stephanskirchen","Bauunternehmen","hochbau","Hochbau","high","Hochbau","company_trades.evidence","Service-Name direkt in company_trades.evidence gefunden und fachlich dem Gewerk bauunternehmen zuordenbar.","review_and_confirm_company_service","REVIEW_MANUALLY","Evidence ist sehr kurz; vor Freigabe manuell prüfen.","",""
"1843163e-f2cc-4af5-8974-d014d26b946a","Sundmacher Bau GmbH","Tuntenhausen","Bauunternehmen","hochbau","Hochbau","high","Hochbau","company_trades.evidence","Service-Name direkt in company_trades.evidence gefunden und fachlich dem Gewerk bauunternehmen zuordenbar.","review_and_confirm_company_service","REVIEW_MANUALLY","Evidence ist sehr kurz; vor Freigabe manuell prüfen.","",""
"e9f0f482-8b57-4baf-9c74-376c8a348cb0","BauManufaktur Loy GmbH","Vogtareuth","Bauunternehmen","hochbau","Hochbau","high","Hochbau","company_trades.evidence","Service-Name direkt in company_trades.evidence gefunden und fachlich dem Gewerk bauunternehmen zuordenbar.","review_and_confirm_company_service","REVIEW_MANUALLY","Evidence ist sehr kurz; vor Freigabe manuell prüfen.","",""
"df7b09bf-b7f5-4800-9a3f-807facd70cda","Dachdeckerei Otto Spenglerei","Bad Aibling","Bauunternehmen","umbau","Umbau","high","ten in Bad Aibling. Auf der Firmenwebsite werden u. a. Leistungen in den Bereichen Umbau, Sanierung, Dachsanierung beschrieben. Der Eintrag wurde aus öffentlich zugänglichen Unternehmensquellen vorbereitet. Der Eintrag ist no","companies.description","Service-Name direkt in companies.description gefunden und fachlich dem Gewerk bauunternehmen zuordenbar.","review_and_confirm_company_service","READY_TO_APPROVE","Direkter Leistungsbegriff in Evidence, passendes Gewerk und Ort vorhanden, kein Ambiguity-Hinweis.","",""
"512d8e26-cb98-4fe2-aa20-d6ace55c560a","Die Glaser","Bad Aibling","Bauunternehmen","umbau","Umbau","high","ten in Bad Aibling. Auf der Firmenwebsite werden u. a. Leistungen in den Bereichen Umbau, Schreinerarbeiten beschrieben. Der Eintrag wurde aus öffentlich zugänglichen Unternehmensquellen vorbereitet. Der Eintrag ist noch nich","companies.description","Service-Name direkt in companies.description gefunden und fachlich dem Gewerk bauunternehmen zuordenbar.","review_and_confirm_company_service","READY_TO_APPROVE","Direkter Leistungsbegriff in Evidence, passendes Gewerk und Ort vorhanden, kein Ambiguity-Hinweis.","",""
"d9adda02-2dce-4ef1-8e4e-75ee64f513d2","Holzbau Glas","Bad Aibling","Bauunternehmen","umbau","Umbau","high","ten in Bad Aibling. Auf der Firmenwebsite werden u. a. Leistungen in den Bereichen Umbau, Sanierung, Zimmererarbeiten beschrieben. Der Eintrag wurde aus öffentlich zugänglichen Unternehmensquellen vorbereitet. Der Eintrag ist","companies.description","Service-Name direkt in companies.description gefunden und fachlich dem Gewerk bauunternehmen zuordenbar.","review_and_confirm_company_service","READY_TO_APPROVE","Direkter Leistungsbegriff in Evidence, passendes Gewerk und Ort vorhanden, kein Ambiguity-Hinweis.","",""
"0034536f-2b0f-4c69-beae-52857a03422c","Klepp Absauganlagen GmbH","Bad Aibling","Bauunternehmen","umbau","Umbau","high","Aibling. Auf der Firmenwebsite werden u. a. Leistungen in den Bereichen Metallbau, Umbau, Netzwerktechnik beschrieben. Der Eintrag wurde aus öffentlich zugänglichen Unternehmensquellen vorbereitet. Der Eintrag ist noch nicht","companies.description","Service-Name direkt in companies.description gefunden und fachlich dem Gewerk bauunternehmen zuordenbar.","review_and_confirm_company_service","READY_TO_APPROVE","Direkter Leistungsbegriff in Evidence, passendes Gewerk und Ort vorhanden, kein Ambiguity-Hinweis.","",""
"1ae2fe75-3947-4b8d-b4c4-4a35f7c7b640","M. Schwendemann Bauunternehmung GmbH","Bad Aibling","Bauunternehmen","umbau","Umbau","high","tion in Bad Aibling. Auf der Firmenwebsite werden u. a. Leistungen in den Bereichen Umbau, Sanierung, Schreinerarbeiten beschrieben. Der Eintrag wurde aus öffentlich zugänglichen Unternehmensquellen vorbereitet. Der Eintrag i","companies.description","Service-Name direkt in companies.description gefunden und fachlich dem Gewerk bauunternehmen zuordenbar.","review_and_confirm_company_service","READY_TO_APPROVE","Direkter Leistungsbegriff in Evidence, passendes Gewerk und Ort vorhanden, kein Ambiguity-Hinweis.","",""
"5e1a07be-6348-43c0-8882-da5fe79ffd7e","Metallbau - Bad Aibling","Bad Aibling","Bauunternehmen","umbau","Umbau","high","ad Aibling. Auf der Firmenwebsite werden u. a. Leistungen in den Bereichen Metallbau, Umbau, Netzwerktechnik beschrieben. Der Eintrag wurde aus öffentlich zugänglichen Unternehmensquellen vorbereitet. Der Eintrag ist noch nic","companies.description","Service-Name direkt in companies.description gefunden und fachlich dem Gewerk bauunternehmen zuordenbar.","review_and_confirm_company_service","READY_TO_APPROVE","Direkter Leistungsbegriff in Evidence, passendes Gewerk und Ort vorhanden, kein Ambiguity-Hinweis.","",""
"77d8dd1c-ed7a-4f35-b41c-cb10eb959b1f","Pakt Türen","Bad Aibling","Bauunternehmen","umbau","Umbau","high","en in Bad Aibling. Auf der Firmenwebsite werden u. a. Leistungen in den Bereichen Umbau, Schreinerarbeiten, Netzwerktechnik beschrieben. Der Eintrag wurde aus öffentlich zugänglichen Unternehmensquellen vorbereitet. Der Eintr","companies.description","Service-Name direkt in companies.description gefunden und fachlich dem Gewerk bauunternehmen zuordenbar.","review_and_confirm_company_service","READY_TO_APPROVE","Direkter Leistungsbegriff in Evidence, passendes Gewerk und Ort vorhanden, kein Ambiguity-Hinweis.","",""
"1ef9b97c-eb42-4b13-844b-d46e913417d7","Schwaiger Bau","Bad Aibling","Bauunternehmen","umbau","Umbau","high","irmenwebsite werden u. a. Leistungen in den Bereichen Maurerarbeiten, Betonarbeiten, Umbau beschrieben. Der Eintrag wurde aus öffentlich zugänglichen Unternehmensquellen vorbereitet. Der Eintrag ist noch nicht vom Betrieb bes","companies.description","Service-Name direkt in companies.description gefunden und fachlich dem Gewerk bauunternehmen zuordenbar.","review_and_confirm_company_service","READY_TO_APPROVE","Direkter Leistungsbegriff in Evidence, passendes Gewerk und Ort vorhanden, kein Ambiguity-Hinweis.","",""
"a6b4ecd8-5512-4592-b0c5-91d1b57de767","Umbauhilfe Meyer","Bad Aibling","Bauunternehmen","umbau","Umbau","high","Umbauhilfe Meyer ist ein Betrieb im Bereich Erdarbeiten in Bad Aibling. Auf der Firmenwebsite werden u. a. Leistungen in den Bereichen Umbau, San","companies.description","Service-Name direkt in companies.description gefunden und fachlich dem Gewerk bauunternehmen zuordenbar.","review_and_confirm_company_service","READY_TO_APPROVE","Direkter Leistungsbegriff in Evidence, passendes Gewerk und Ort vorhanden, kein Ambiguity-Hinweis.","",""
"41c39afa-157e-44d7-a08a-106eb9532b8a","werk.4 - Schreinerei Mathias Vierlinger","Bad Aibling","Bauunternehmen","umbau","Umbau","high","eiten in Bad Aibling. Auf der Firmenwebsite werden u. a. Leistungen in den Bereichen Umbau, Pflasterarbeiten, Schreinerarbeiten beschrieben. Der Eintrag wurde aus öffentlich zugänglichen Unternehmensquellen vorbereitet. Der E","companies.description","Service-Name direkt in companies.description gefunden und fachlich dem Gewerk bauunternehmen zuordenbar.","review_and_confirm_company_service","READY_TO_APPROVE","Direkter Leistungsbegriff in Evidence, passendes Gewerk und Ort vorhanden, kein Ambiguity-Hinweis.","",""
"8e1b647c-1960-4189-b767-7f745b024335","Rudolf Hasholzner","Prien am Chiemsee","Bauunternehmen","umbau","Umbau","high","Prien am Chiemsee. Auf der Firmenwebsite werden u. a. Leistungen in den Bereichen Umbau, Heizung beschrieben. Der Eintrag wurde aus öffentlich zugänglichen Unternehmensquellen vorbereitet. Der Eintrag ist noch nicht vom Betr","companies.description","Service-Name direkt in companies.description gefunden und fachlich dem Gewerk bauunternehmen zuordenbar.","review_and_confirm_company_service","READY_TO_APPROVE","Direkter Leistungsbegriff in Evidence, passendes Gewerk und Ort vorhanden, kein Ambiguity-Hinweis.","",""
"24345cdf-129b-4b05-95be-c162ecd1f2ff","Baumann KG – Rosenheim","Rosenheim","Bauunternehmen","umbau","Umbau","high","rbeiten in Rosenheim. Auf der Firmenwebsite werden u. a. Leistungen in den Bereichen Umbau, Sanierung, Pflasterarbeiten beschrieben. Der Eintrag wurde aus öffentlich zugänglichen Unternehmensquellen vorbereitet. Der Eintrag i","companies.description","Service-Name direkt in companies.description gefunden und fachlich dem Gewerk bauunternehmen zuordenbar.","review_and_confirm_company_service","READY_TO_APPROVE","Direkter Leistungsbegriff in Evidence, passendes Gewerk und Ort vorhanden, kein Ambiguity-Hinweis.","",""
"38ae9783-c4b2-4292-8a05-c0d70103da10","bauwerk singer: Holzarchitektur & moderne","Rosenheim","Bauunternehmen","umbau","Umbau","high","arbeiten in Rosenheim. Auf der Firmenwebsite werden u. a. Leistungen in den Bereichen Umbau, Sanierung, Pflasterarbeiten beschrieben. Der Eintrag wurde aus öffentlich zugänglichen Unternehmensquellen vorbereitet. Der Eintrag","companies.description","Service-Name direkt in companies.description gefunden und fachlich dem Gewerk bauunternehmen zuordenbar.","review_and_confirm_company_service","READY_TO_APPROVE","Direkter Leistungsbegriff in Evidence, passendes Gewerk und Ort vorhanden, kein Ambiguity-Hinweis.","",""
"facd2c47-226b-41e5-81c0-39ae99bdab6d","Architektur Krose / Hermann Krose","Kolbermoor","Architektur & Entwurf","architektur","Architektur","high","Architekt in Kolbermoor. Kostenloses Basisprofil aus kuratiertem regionalem Startdatenbestand. Dieses Profil ist noch nicht vom Betrieb verifiziert.","companies.description","Alias direkt in companies.description gefunden und fachlich dem Gewerk architekt zuordenbar.","review_and_confirm_company_service","READY_TO_APPROVE","Direkter Leistungsbegriff in Evidence, passendes Gewerk und Ort vorhanden, kein Ambiguity-Hinweis.","",""
"f81fa3b5-a4e4-4bf9-b2a7-2341e4a782b4","Blaesig Architekten GmbH","Kolbermoor","Architektur & Entwurf","architektur","Architektur","high","Architekt in Kolbermoor. Kostenloses Basisprofil aus kuratiertem regionalem Startdatenbestand. Dieses Profil ist noch nicht vom Betrieb verifiziert.","companies.description","Alias direkt in companies.description gefunden und fachlich dem Gewerk architekt zuordenbar.","review_and_confirm_company_service","READY_TO_APPROVE","Direkter Leistungsbegriff in Evidence, passendes Gewerk und Ort vorhanden, kein Ambiguity-Hinweis.","",""
"229ff305-968b-458a-a151-099cbc5e64ad","Moser Hoffmann Planungsgesellschaft UG","Kolbermoor","Architektur & Entwurf","architektur","Architektur","high","Architekt in Kolbermoor. Kostenloses Basisprofil aus kuratiertem regionalem Startdatenbestand. Dieses Profil ist noch nicht vom Betrieb verifiziert.","companies.description","Alias direkt in companies.description gefunden und fachlich dem Gewerk architekt zuordenbar.","review_and_confirm_company_service","READY_TO_APPROVE","Direkter Leistungsbegriff in Evidence, passendes Gewerk und Ort vorhanden, kein Ambiguity-Hinweis.","",""
"ff479029-0e27-4411-b543-45e14613ec91","WE&P GmbH","Kolbermoor","Architektur & Entwurf","architektur","Architektur","high","Architekt in Kolbermoor. Kostenloses Basisprofil aus kuratiertem regionalem Startdatenbestand. Dieses Profil ist noch nicht vom Betrieb verifiziert.","companies.description","Alias direkt in companies.description gefunden und fachlich dem Gewerk architekt zuordenbar.","review_and_confirm_company_service","READY_TO_APPROVE","Direkter Leistungsbegriff in Evidence, passendes Gewerk und Ort vorhanden, kein Ambiguity-Hinweis.","",""
"1c9b813a-033c-428c-b1c7-e3e9275f54f4","HOOFF Architektur - Büro Prien","Prien am Chiemsee","Architektur & Entwurf","architektur","Architektur","high","Architekt in Prien am Chiemsee. Kostenloses Basisprofil aus kuratiertem regionalem Startdatenbestand. Dieses Profil ist noch nicht vom Betrieb verifi","companies.description","Alias direkt in companies.description gefunden und fachlich dem Gewerk architekt zuordenbar.","review_and_confirm_company_service","READY_TO_APPROVE","Direkter Leistungsbegriff in Evidence, passendes Gewerk und Ort vorhanden, kein Ambiguity-Hinweis.","",""
"de52876d-1ac3-445e-9bed-48f65eacc947","Josef Riefer Architektur","Prien am Chiemsee","Architektur & Entwurf","architektur","Architektur","high","Architekt in Prien am Chiemsee. Kostenloses Basisprofil aus kuratiertem regionalem Startdatenbestand. Dieses Profil ist noch nicht vom Betrieb verifi","companies.description","Alias direkt in companies.description gefunden und fachlich dem Gewerk architekt zuordenbar.","review_and_confirm_company_service","READY_TO_APPROVE","Direkter Leistungsbegriff in Evidence, passendes Gewerk und Ort vorhanden, kein Ambiguity-Hinweis.","",""
"7249d8b9-d8f9-4efa-80c2-df51c92d36df","Püschel Architektengesellschaft mbH - Geschäftsstelle Prien","Prien am Chiemsee","Architektur & Entwurf","architektur","Architektur","high","Architekt in Prien am Chiemsee. Kostenloses Basisprofil aus kuratiertem regionalem Startdatenbestand. Dieses Profil ist noch nicht vom Betrieb verifi","companies.description","Alias direkt in companies.description gefunden und fachlich dem Gewerk architekt zuordenbar.","review_and_confirm_company_service","READY_TO_APPROVE","Direkter Leistungsbegriff in Evidence, passendes Gewerk und Ort vorhanden, kein Ambiguity-Hinweis.","",""
"d78edfe2-20b0-4847-8898-85e0ff7934d1","Planungsbüro Georg Gschwendtner","Reischenhart","Architektur & Entwurf","architektur","Architektur","high","Architekt in Reischenhart. Kostenloses Basisprofil aus kuratiertem regionalem Startdatenbestand. Dieses Profil ist noch nicht vom Betrieb verifiziert","companies.description","Alias direkt in companies.description gefunden und fachlich dem Gewerk architekt zuordenbar.","review_and_confirm_company_service","READY_TO_APPROVE","Direkter Leistungsbegriff in Evidence, passendes Gewerk und Ort vorhanden, kein Ambiguity-Hinweis.","",""
"f2c4a9e8-8a88-4d62-b329-ff3d406dfc41","STANKO & Partner Architekten","Riedering","Architektur & Entwurf","architektur","Architektur","high","Architekt in Riedering. Kostenloses Basisprofil aus kuratiertem regionalem Startdatenbestand. Dieses Profil ist noch nicht vom Betrieb verifiziert. K","companies.description","Alias direkt in companies.description gefunden und fachlich dem Gewerk architekt zuordenbar.","review_and_confirm_company_service","READY_TO_APPROVE","Direkter Leistungsbegriff in Evidence, passendes Gewerk und Ort vorhanden, kein Ambiguity-Hinweis.","",""
"adfd545b-147c-42a1-bfa3-ba1603a50c67","Behringer Architekten","Rosenheim","Architektur & Entwurf","architektur","Architektur","high","Architekt in Rosenheim. Kostenloses Basisprofil aus kuratiertem regionalem Startdatenbestand. Dieses Profil ist noch nicht vom Betrieb verifiziert. K","companies.description","Alias direkt in companies.description gefunden und fachlich dem Gewerk architekt zuordenbar.","review_and_confirm_company_service","READY_TO_APPROVE","Direkter Leistungsbegriff in Evidence, passendes Gewerk und Ort vorhanden, kein Ambiguity-Hinweis.","",""
"b9fbcc89-5e6e-4fcf-b5c5-023bc3c830f5","Finsterwalder Garten- und Landschaftsarchitektur","Rosenheim","Architektur & Entwurf","architektur","Architektur","high","Architekt in Rosenheim. Kostenloses Basisprofil aus kuratiertem regionalem Startdatenbestand. Dieses Profil ist noch nicht vom Betrieb verifiziert. K","companies.description","Alias direkt in companies.description gefunden und fachlich dem Gewerk architekt zuordenbar.","review_and_confirm_company_service","READY_TO_APPROVE","Direkter Leistungsbegriff in Evidence, passendes Gewerk und Ort vorhanden, kein Ambiguity-Hinweis.","",""
"767dff83-7074-4b84-a63c-43ef47e9bd70","perner architekten & ingenieure","Rosenheim","Architektur & Entwurf","architektur","Architektur","high","Architekt in Rosenheim. Kostenloses Basisprofil aus kuratiertem regionalem Startdatenbestand. Dieses Profil ist noch nicht vom Betrieb verifiziert. K","companies.description","Alias direkt in companies.description gefunden und fachlich dem Gewerk architekt zuordenbar.","review_and_confirm_company_service","READY_TO_APPROVE","Direkter Leistungsbegriff in Evidence, passendes Gewerk und Ort vorhanden, kein Ambiguity-Hinweis.","",""
"4e67114c-4c98-4840-906c-6d2246ae59d3","Huber & Sohn GmbH & Co. KG","Eiselfing","Fensterbau","fenster","Fenster","high","Fenster","company_trades.evidence","Service-Name direkt in company_trades.evidence gefunden und fachlich dem Gewerk fensterbau zuordenbar.","review_and_confirm_company_service","REVIEW_MANUALLY","Fenster ist plausibel, aber der Betrieb hat viele Treffer; erst manuell prüfen.","",""
"04e34b42-6685-4740-a62e-75bd33c3ff6e","Schreinerei Dandl KG","Fridolfing","Fensterbau","fenster","Fenster","high","Fenster","company_trades.evidence","Service-Name direkt in company_trades.evidence gefunden und fachlich dem Gewerk fensterbau zuordenbar.","review_and_confirm_company_service","REVIEW_MANUALLY","Fenster ist plausibel, aber der Betrieb hat viele Treffer; erst manuell prüfen.","",""
"f852a236-933d-476d-945e-2d50bbf7b154","Niedermaier GmbH","Raubling","Fensterbau","fenster","Fenster","high","Fenster","company_trades.evidence","Service-Name direkt in company_trades.evidence gefunden und fachlich dem Gewerk fensterbau zuordenbar.","review_and_confirm_company_service","REVIEW_MANUALLY","Fenster ist plausibel, aber der Betrieb hat viele Treffer; erst manuell prüfen.","",""
"3a08dfe1-c996-4bc1-94d5-8d72f74a2636","Martin Angerer GmbH","Riedering-Söllhuben","Fensterbau","fenster","Fenster","high","Fenster","company_trades.evidence","Service-Name direkt in company_trades.evidence gefunden und fachlich dem Gewerk fensterbau zuordenbar.","review_and_confirm_company_service","REVIEW_MANUALLY","Fenster ist plausibel, aber der Betrieb hat viele Treffer; erst manuell prüfen.","",""
"f9a22233-53b4-42d0-b02a-2b0f6c879798","FeBaTec Fenster- und Bauelementetechnik GmbH","Rosenheim","Fensterbau","fenster","Fenster","high","Fenster / Metallbau","company_trades.evidence","Service-Name direkt in company_trades.evidence gefunden und fachlich dem Gewerk fensterbau zuordenbar.","review_and_confirm_company_service","REVIEW_MANUALLY","Fenster ist plausibel, aber der Betrieb hat viele Treffer; erst manuell prüfen.","",""
"1bc5e1ea-245d-4145-939d-c5e08945fae3","Schreinerei Andreas Huber","Stephanskirchen","Fensterbau","fenster","Fenster","high","Fenster","company_trades.evidence","Service-Name direkt in company_trades.evidence gefunden und fachlich dem Gewerk fensterbau zuordenbar.","review_and_confirm_company_service","REVIEW_MANUALLY","Fenster ist plausibel, aber der Betrieb hat viele Treffer; erst manuell prüfen.","",""
"df7b09bf-b7f5-4800-9a3f-807facd70cda","Dachdeckerei Otto Spenglerei","Bad Aibling","Dachdeckerarbeiten","dachsanierung","Dachsanierung","high","ng. Auf der Firmenwebsite werden u. a. Leistungen in den Bereichen Umbau, Sanierung, Dachsanierung beschrieben. Der Eintrag wurde aus öffentlich zugänglichen Unternehmensquellen vorbereitet. Der Eintrag ist noch nicht vom Betrieb bes","companies.description","Service-Name direkt in companies.description gefunden und fachlich dem Gewerk dachdeckerarbeiten zuordenbar.","review_and_confirm_company_service","READY_TO_APPROVE","Direkter Leistungsbegriff in Evidence, passendes Gewerk und Ort vorhanden, kein Ambiguity-Hinweis.","",""
"ee3150b7-fbb1-49b1-bcfe-c4579cf58296","Meyer Bauabdichtung: Bau-Abdichtung Kuppeldach Bad Aibling I Dachabdichtung","Bad Aibling","Dachdeckerarbeiten","dachsanierung","Dachsanierung","high","Firmenwebsite werden u. a. Leistungen in den Bereichen Sanierung, Pflasterarbeiten, Dachsanierung beschrieben. Der Eintrag wurde aus öffentlich zugänglichen Unternehmensquellen vorbereitet. Der Eintrag ist noch nicht vom Betrieb bes","companies.description","Service-Name direkt in companies.description gefunden und fachlich dem Gewerk dachdeckerarbeiten zuordenbar.","review_and_confirm_company_service","READY_TO_APPROVE","Direkter Leistungsbegriff in Evidence, passendes Gewerk und Ort vorhanden, kein Ambiguity-Hinweis.","",""
"4e8cb327-5d76-4901-bcbf-80dde715997a","Spenglerei Paul","Bad Aibling","Dachdeckerarbeiten","dachsanierung","Dachsanierung","high","g. Auf der Firmenwebsite werden u. a. Leistungen in den Bereichen Pflasterarbeiten, Dachsanierung, Spenglerarbeiten beschrieben. Der Eintrag wurde aus öffentlich zugänglichen Unternehmensquellen vorbereitet. Der Eintrag ist noch nich","companies.description","Service-Name direkt in companies.description gefunden und fachlich dem Gewerk dachdeckerarbeiten zuordenbar.","review_and_confirm_company_service","READY_TO_APPROVE","Direkter Leistungsbegriff in Evidence, passendes Gewerk und Ort vorhanden, kein Ambiguity-Hinweis.","",""
"e55c8298-d4ac-453e-bb58-a91cca3ea090","Zimmerei Heiß + Heiß","Bad Aibling","Dachdeckerarbeiten","dachsanierung","Dachsanierung","high","Umbau, Sanierung, Pflasterarbeiten, Dachsanierung, Zimmererarbeiten, Schreinerarbeiten, Netzwerktechnik","company_trades.evidence","Service-Name direkt in company_trades.evidence gefunden und fachlich dem Gewerk dachdeckerarbeiten zuordenbar.","review_and_confirm_company_service","READY_TO_APPROVE","Direkter Leistungsbegriff in Evidence, passendes Gewerk und Ort vorhanden, kein Ambiguity-Hinweis.","",""
"24345cdf-129b-4b05-95be-c162ecd1f2ff","Baumann KG – Rosenheim","Rosenheim","Dachdeckerarbeiten","dachsanierung","Dachsanierung","high","Umbau, Sanierung, Pflasterarbeiten, Dachsanierung, Zimmererarbeiten, Netzwerktechnik","company_trades.evidence","Service-Name direkt in company_trades.evidence gefunden und fachlich dem Gewerk dachdeckerarbeiten zuordenbar.","review_and_confirm_company_service","READY_TO_APPROVE","Direkter Leistungsbegriff in Evidence, passendes Gewerk und Ort vorhanden, kein Ambiguity-Hinweis.","",""
"38ae9783-c4b2-4292-8a05-c0d70103da10","bauwerk singer: Holzarchitektur & moderne","Rosenheim","Dachdeckerarbeiten","dachsanierung","Dachsanierung","high","Umbau, Sanierung, Pflasterarbeiten, Dachsanierung, Zimmererarbeiten, Netzwerktechnik","company_trades.evidence","Service-Name direkt in company_trades.evidence gefunden und fachlich dem Gewerk dachdeckerarbeiten zuordenbar.","review_and_confirm_company_service","READY_TO_APPROVE","Direkter Leistungsbegriff in Evidence, passendes Gewerk und Ort vorhanden, kein Ambiguity-Hinweis.","",""
"a5f18393-e748-4f4a-ae73-3816d35b6c2a","Dachdeckerei Paul Horner","Rosenheim","Dachdeckerarbeiten","dachsanierung","Dachsanierung","high","eiten in Rosenheim. Auf der Firmenwebsite werden u. a. Leistungen in den Bereichen Dachsanierung, Spenglerarbeiten, Netzwerktechnik beschrieben. Der Eintrag wurde aus öffentlich zugänglichen Unternehmensquellen vorbereitet. Der Eintr","companies.description","Service-Name direkt in companies.description gefunden und fachlich dem Gewerk dachdeckerarbeiten zuordenbar.","review_and_confirm_company_service","READY_TO_APPROVE","Direkter Leistungsbegriff in Evidence, passendes Gewerk und Ort vorhanden, kein Ambiguity-Hinweis.","",""
